Accuracy,F1,Enc Accuracy,Enc F1
0.9790256876409791,0.9782464471524842,0.9507457159209507,0.9478858689844334
