Accuracy,F1,Enc Accuracy,Enc F1
0.9755243578089755,0.9743698219636876,0.9529003804329529,0.9494416537168877
