Accuracy,F1,Enc Accuracy,Enc F1
0.968993031006969,0.9672835778480338,0.954011379321954,0.951772348538342
