Accuracy,F1,Enc Accuracy,Enc F1
0.9699020300979699,0.9687674678591393,0.9526983806349527,0.9505890627747494
