Accuracy,F1,Enc Accuracy,Enc F1
0.9774770225229775,0.9764112689961566,0.9582870417129583,0.9558430450122954
