Accuracy,F1,Enc Accuracy,Enc F1
0.9721576945089722,0.970626886876221,0.9532033801299532,0.950268336314848
