Accuracy,F1,Enc Accuracy,Enc F1
0.974043025956974,0.9726857264321395,0.9524627142039525,0.9502326237135204
