Accuracy,F1,Enc Accuracy,Enc F1
0.9782850217149783,0.97737239080863,0.9560987105679561,0.9540067720090294
