Accuracy,F1,Enc Accuracy,Enc F1
0.9746490253509746,0.9734232167437264,0.9496347170319497,0.9465828750981933
