Accuracy,F1,Enc Accuracy,Enc F1
0.9677136989529677,0.9659458115833953,0.9514527152139515,0.9487197724039829
