Accuracy,F1,Enc Accuracy,Enc F1
0.9958958697221031,0.9501068050045773,0.9951951135329616,0.9425275852578376
