Accuracy,F1,Enc Accuracy,Enc F1
0.9954879668657372,0.9449562354862582,0.9955277112466139,0.945325286415712
