Accuracy,F1,Enc Accuracy,Enc F1
0.9953582746755081,0.944548566859085,0.9946094068674106,0.932860901961806
