Accuracy,F1,Enc Accuracy,Enc F1
0.9959167878173013,0.950204081632653,0.9956239344845258,0.9460991445944553
