Accuracy,F1,Enc Accuracy,Enc F1
0.9959648994362573,0.9509147815466042,0.9951804708663229,0.9412064917831989
