Accuracy,F1,Enc Accuracy,Enc F1
0.9958268400079489,0.9492611714438312,0.9933041177270397,0.9191972737599395
