Accuracy,F1,Enc Accuracy,Enc F1
0.9956448525797241,0.9476094614997483,0.9953268975327106,0.9435430881981298
