Accuracy,F1,Enc Accuracy,Enc F1
0.9954377634372614,0.9437611201361491,0.9957327085795568,0.9480916030534351
