Accuracy,F1,Enc Accuracy,Enc F1
0.9957368921985964,0.9482846122614698,0.9953519992469486,0.943749683560326
