Accuracy,F1,Enc Accuracy,Enc F1
0.9950214933428162,0.938930514215334,0.9954670487705389,0.9438091533774148
