Accuracy,F1,Enc Accuracy,Enc F1
0.9975546746713244,0.9693328786169627,0.9974249824810952,0.9677063931372807
