Accuracy,F1,Enc Accuracy,Enc F1
0.9976174289569192,0.9703145768719539,0.9975860518141219,0.9699212844706251
