Accuracy,F1,Enc Accuracy,Enc F1
0.997548399242765,0.9695821437840645,0.9975274811475667,0.9693241980691373
