Accuracy,F1,Enc Accuracy,Enc F1
0.9976550815282761,0.9706935766385192,0.9976237043854786,0.9702804520719966
