Accuracy,F1,Enc Accuracy,Enc F1
0.9975337565761262,0.9692207283644433,0.997452176004853,0.9682481751824816
