Accuracy,F1,Enc Accuracy,Enc F1
0.9976278880045183,0.9701626059043309,0.9974814613381305,0.9683540976712401
