Accuracy,F1,Enc Accuracy,Enc F1
0.9976299798140381,0.9702928760586277,0.9973915135287781,0.9673260841084764
