Accuracy,F1,Enc Accuracy,Enc F1
0.9975525828618046,0.9692993964838625,0.9974898285762098,0.9685022835844401
