Accuracy,F1,Enc Accuracy,Enc F1
0.9976111535283597,0.96965026044435,0.9975316647666064,0.968642040924794
