Accuracy,F1,Enc Accuracy,Enc F1
0.9976299798140381,0.9701865642186144,0.9974354415286943,0.9678096938507589
