Accuracy,F1,Enc Accuracy,Enc F1
0.9998069611488329,0.9961102655166582,0.9995775526590402,0.9914848023459089
