Accuracy,F1,Enc Accuracy,Enc F1
0.9998265448004007,0.9965007337171238,0.9995635643364918,0.9911963882618511
