Accuracy,F1,Enc Accuracy,Enc F1
0.9998097588133427,0.9961716022970386,0.9994964203882599,0.9899001234429358
