Accuracy,F1,Enc Accuracy,Enc F1
0.999815354142362,0.9963406520292748,0.9995243970333566,0.9905785856794502
