Accuracy,F1,Enc Accuracy,Enc F1
0.9997621985166782,0.9953082739967988,0.9995663620010016,0.9914454440090513
