Accuracy,F1,Enc Accuracy,Enc F1
0.9997594008521686,0.9951641925326135,0.9995020157172793,0.9900044923629829
