Accuracy,F1,Enc Accuracy,Enc F1
0.9998293424649103,0.9965713000955538,0.9994880273947309,0.9897427274255927
