Accuracy,F1,Enc Accuracy,Enc F1
0.9997873774972653,0.9958122107119243,0.9995132063753179,0.9904216668501596
