Accuracy,F1,Enc Accuracy,Enc F1
0.999781782168246,0.995593220338983,0.9995020157172793,0.9899684400360685
