Accuracy,F1,Enc Accuracy,Enc F1
0.999798568155304,0.9959663865546219,0.9995020157172793,0.9900313620071686
