Accuracy,F1,Enc Accuracy,Enc F1
0.9963619827194179,0.9933622135271101,0.997769320983222,0.9959183673469386
