Accuracy,F1,Enc Accuracy,Enc F1
0.996395490773318,0.9934416234812525,0.9975251908762356,0.995485859476639
