Accuracy,F1,Enc Accuracy,Enc F1
0.9977118786051076,0.9958658386812198,0.9980421722792657,0.9964579851218054
