Accuracy,F1,Enc Accuracy,Enc F1
0.9961609343960174,0.9929937975015288,0.9934563557597951,0.9881191388765764
