Accuracy,F1,Enc Accuracy,Enc F1
0.9975586989301357,0.9955427372836917,0.9974533879035925,0.9953511132860289
