Accuracy,F1,Enc Accuracy,Enc F1
0.9965534573131327,0.9937305167099145,0.996692276393576,0.993984032874518
