Accuracy,F1,Enc Accuracy,Enc F1
0.9981570570354946,0.996638464695148,0.9978746320097652,0.9961187454106787
