Accuracy,F1,Enc Accuracy,Enc F1
0.9973959455254781,0.9952546276103911,0.9940786481893684,0.989275837256279
