Accuracy,F1,Enc Accuracy,Enc F1
0.9943275651611977,0.9897465627190212,0.9977932553074363,0.9959805742285929
