Accuracy,F1,Enc Accuracy,Enc F1
0.9966970632584189,0.9940039625986304,0.9979512218472512,0.9962727510232517
