Accuracy,F1,Enc Accuracy,Enc F1
0.9784089848489562,0.9529004143449062,0.9652637801141937,0.9196360247600143
