Accuracy,F1,Enc Accuracy,Enc F1
0.9771563588372356,0.9503334009747484,0.9502502795894007,0.884350841399681
