Accuracy,F1,Enc Accuracy,Enc F1
0.9778604492751962,0.9519101155565672,0.9656551234041298,0.9221969576135701
