Accuracy,F1,Enc Accuracy,Enc F1
0.9801888599793358,0.9562336088552876,0.9627421538945207,0.916670328865451
