Accuracy,F1,Enc Accuracy,Enc F1
0.9771940194885683,0.949201995740087,0.9661119634789928,0.9235084970025798
