Accuracy,F1,Enc Accuracy,Enc F1
0.9780340157552516,0.9523196838135722,0.9669061119962273,0.9261631199196274
