Accuracy,F1,Enc Accuracy,Enc F1
0.9750555494607158,0.9452809586069166,0.9671238888061082,0.9260358953200518
