Accuracy,F1,Enc Accuracy,Enc F1
0.9810092072105411,0.9588475322002624,0.9639931424866182,0.9191288422074626
