Accuracy,F1,Enc Accuracy,Enc F1
0.9790312043057586,0.9544257487757657,0.9553557539744267,0.896277556920853
