Accuracy,F1,Enc Accuracy,Enc F1
0.9769565936432095,0.9493118762133563,0.9690200207297325,0.9292763157894738
