Accuracy,F1,Enc Accuracy,Enc F1
0.9993537732462124,0.9988296387484936,0.9996697063258418,0.99940160785368
