Accuracy,F1,Enc Accuracy,Enc F1
0.9993920681649554,0.9988850945036036,0.999703214379742,0.9994555194520067
