Accuracy,F1,Enc Accuracy,Enc F1
0.9993394126516838,0.9987932210504222,0.9997175749742706,0.9994838551645102
