Accuracy,F1,Enc Accuracy,Enc F1
0.9993920681649554,0.9988915944457536,0.9996697063258418,0.999397616657209
