Accuracy,F1,Enc Accuracy,Enc F1
0.9993777075704268,0.9988593289344377,0.9997319355687992,0.9995084787417056
