Accuracy,F1,Enc Accuracy,Enc F1
0.9993489863813695,0.9988097530237524,0.9997271487039563,0.9995009936354802
