Accuracy,F1,Enc Accuracy,Enc F1
0.9993872813001125,0.9988830715532285,0.999703214379742,0.9994588083308602
