Accuracy,F1,Enc Accuracy,Enc F1
0.9994064287594839,0.998915856473386,0.9997223618391134,0.9994926877055489
