Accuracy,F1,Enc Accuracy,Enc F1
0.9993441995165266,0.9987999194106466,0.9996697063258418,0.9993953150058278
