Accuracy,F1,Enc Accuracy,Enc F1
0.9994160024891697,0.9989329508282752,0.9996361982719418,0.9993351994401679
