Accuracy,F1,Enc Accuracy,Enc F1
0.996939355026424,0.940992448759439,0.9958482658676537,0.9223768176587509
