Accuracy,F1,Enc Accuracy,Enc F1
0.9967099465366313,0.9345648787002004,0.9957811219194217,0.9180879956545355
