Accuracy,F1,Enc Accuracy,Enc F1
0.9967910788074116,0.9377813940873339,0.9962791062021424,0.9266894498952707
