Accuracy,F1,Enc Accuracy,Enc F1
0.9965253006789931,0.9306610093791872,0.9961196393250914,0.9249661888017311
