Accuracy,F1,Enc Accuracy,Enc F1
0.9962175575829297,0.9286242213071482,0.9959266004739243,0.9222055994870699
