Accuracy,F1,Enc Accuracy,Enc F1
0.9964441684082128,0.9313900134952766,0.9958678495192214,0.9195226938375198
