Accuracy,F1,Enc Accuracy,Enc F1
0.9954761764878679,0.9096900307176766,0.9960916626799947,0.9258059376493708
