Accuracy,F1,Enc Accuracy,Enc F1
0.9966260166013412,0.9324899238692341,0.9960664836994078,0.9238847986141187
