Accuracy,F1,Enc Accuracy,Enc F1
0.9963294641633165,0.9288734685026564,0.9955796900747256,0.9153359768513557
