Accuracy,F1,Enc Accuracy,Enc F1
0.9962511295570458,0.9247275587012694,0.9954957601394356,0.9149138568861642
