Category,Proportion,F1,DR,Enc F1,Enc DR
Ninguno,0.9752490620829731,0.9982387062601289,0.9988410586527594,0.9979423454388178,0.9995065893274124
Exploits,0.006101706295584446,0.7119578841814991,0.651077487391105,0.658008658008658,0.557542411737735
Reconnaissance,0.0019303885116704574,0.7009694258016406,0.6811594202898551,0.40917782026768645,0.3101449275362319
DoS,0.0012505560358212963,0.008869179600886918,0.0044742729306487695,0.0,0.0
Generic,0.008608413696246374,0.95822102425876,0.924276893077673,0.9583897158322057,0.9207019824504388
Shellcode,0.00023220615430238838,0.0,0.0,0.0,0.0
 Fuzzers,0.00546943411639963,0.4780455595906239,0.3703324808184143,0.20601949978804576,0.12429667519181585
Worms,1.678598705800398e-05,0.0,0.0,0.0,0.0
Backdoors,0.0005959025405591412,0.0,0.0,0.0,0.0
Analysis,0.0005455445793851293,0.010152284263959392,0.005128205128205128,0.0,0.0
 Reconnaissance ,0.0,0.0,0.0,0.0,0.0
Backdoor,0.0,0.0,0.0,0.0,0.0
 Fuzzers ,0.0,0.0,0.0,0.0,0.0
 Shellcode ,0.0,0.0,0.0,0.0,0.0
