Accuracy,F1,Enc Accuracy,Enc F1
0.9987080759173234,0.9971205745712794,0.9985263223391522,0.9967160955105376
