Accuracy,F1,Enc Accuracy,Enc F1
0.9987195378546856,0.9971432746401694,0.9977403609200334,0.9949611497341824
