Accuracy,F1,Enc Accuracy,Enc F1
0.9987604733452646,0.9972377404205786,0.9971754511500417,0.9937126632429537
