Accuracy,F1,Enc Accuracy,Enc F1
0.9987211752743087,0.9971519114284568,0.9962994316516488,0.9917715251077712
