Accuracy,F1,Enc Accuracy,Enc F1
0.9987457365686562,0.9972103051183252,0.9982201248696204,0.9960422499827054
