Accuracy,F1,Enc Accuracy,Enc F1
0.9986671404267443,0.9970290235926186,0.9975291337886452,0.9944966575126643
