Accuracy,F1,Enc Accuracy,Enc F1
0.9987440991490331,0.9972017613945223,0.9973048073002716,0.9940015014467825
