Accuracy,F1,Enc Accuracy,Enc F1
0.9987490114079025,0.9972100904164415,0.997597905412818,0.9946471770883125
