Accuracy,F1,Enc Accuracy,Enc F1
0.9987424617294098,0.9971983890737175,0.9972622343900693,0.9939083039435717
