Accuracy,F1,Enc Accuracy,Enc F1
0.9987129881761929,0.9971351717803485,0.9978598925525243,0.9952372449630312
