Accuracy,F1,Enc Accuracy,Enc F1
0.9944113389219944,0.9941623294415529,0.9912130087869913,0.9908218166473257
