Accuracy,F1,Enc Accuracy,Enc F1
0.9941756724909941,0.9939559095832023,0.9918190081809918,0.9915061693872558
