Accuracy,F1,Enc Accuracy,Enc F1
0.9941420058579942,0.9938857263335441,0.9916843416489917,0.991314132995745
