Accuracy,F1,Enc Accuracy,Enc F1
0.9953876712789954,0.9951961849994739,0.9922903410429923,0.9919646303379066
