Accuracy,F1,Enc Accuracy,Enc F1
0.9946133387199946,0.9944363307601363,0.9922566744099922,0.9919888540578194
