Accuracy,F1,Enc Accuracy,Enc F1
0.9941756724909941,0.9939381197659344,0.9924586742079925,0.9921491658488715
