Accuracy,F1,Enc Accuracy,Enc F1
0.9939400060599939,0.9936864258155034,0.9913476753189914,0.9909853028868078
