Accuracy,F1,Enc Accuracy,Enc F1
0.994041005958994,0.9937835844484249,0.9912130087869913,0.9908263329935678
