Accuracy,F1,Enc Accuracy,Enc F1
0.9941756724909941,0.9939592862879291,0.9923240076759923,0.9920274145045108
