Accuracy,F1,Enc Accuracy,Enc F1
0.9945460054539945,0.9943241538784948,0.9918526748139919,0.9915194841603588
