Category,Proportion,F1,DR,Enc F1,Enc DR
Ninguno,0.9752490620829731,0.9982589290836288,0.9993115199917383,0.9979399084946116,0.9992713586579229
Exploits,0.006101706295584446,0.7024727466099442,0.605685465382852,0.6759820722383337,0.5878037597432371
Reconnaissance,0.0019303885116704574,0.6428571428571428,0.5739130434782609,0.45526838966202776,0.3318840579710145
DoS,0.0012505560358212963,0.013333333333333332,0.006711409395973154,0.0,0.0
Generic,0.008608413696246374,0.9566968781470292,0.9262268443288918,0.9589734931622488,0.9229769255768606
Shellcode,0.00023220615430238838,0.0,0.0,0.0,0.0
 Fuzzers,0.00546943411639963,0.4195854181558256,0.30025575447570335,0.2983594048073254,0.2
Worms,1.678598705800398e-05,0.0,0.0,0.0,0.0
Backdoors,0.0005959025405591412,0.0,0.0,0.0,0.0
Analysis,0.0005455445793851293,0.0,0.0,0.0,0.0
 Reconnaissance ,0.0,0.0,0.0,0.0,0.0
Backdoor,0.0,0.0,0.0,0.0,0.0
 Fuzzers ,0.0,0.0,0.0,0.0,0.0
 Shellcode ,0.0,0.0,0.0,0.0,0.0
